County,State,Poverty Rate
baldwin,Alabama,7.2
calhoun,Alabama,16.4
cullman,Alabama,11.3
dekalb,Alabama,18.8
elmore,Alabama,8.7
etowah,Alabama,13.2
houston,Alabama,13.4
jefferson,Alabama,9.8
lauderdale,Alabama,7.5
lee,Alabama,9.9
limestone,Alabama,9.3
madison,Alabama,6.5
marshall,Alabama,12.2
mobile,Alabama,11.6
montgomery,Alabama,14.8
morgan,Alabama,8.6
st. clair,Alabama,6.5
shelby,Alabama,4.4
talladega,Alabama,13.9
tuscaloosa,Alabama,9.4
walker,Alabama,13.6
anchorage,Alaska,4.7
fairbanks north star,Alaska,3.1
matanuska-susitna,Alaska,5.6
apache,Arizona,25.2
cochise,Arizona,9.8
coconino,Arizona,7.5
maricopa,Arizona,6.8
mohave,Arizona,9.9
navajo,Arizona,19.5
pima,Arizona,8.4
pinal,Arizona,7.3
yavapai,Arizona,5.0
yuma,Arizona,13.3
benton,Arkansas,5.3
craighead,Arkansas,16.9
faulkner,Arkansas,9.7
garland,Arkansas,10.1
jefferson,Arkansas,19.2
lonoke,Arkansas,8.0
pulaski,Arkansas,11.8
saline,Arkansas,8.8
sebastian,Arkansas,7.4
washington,Arkansas,8.0
white,Arkansas,17.1
alameda,California,5.4
butte,California,13.6
contra costa,California,6.3
el dorado,California,5.7
fresno,California,15.3
humboldt,California,10.7
imperial,California,16.0
kern,California,15.1
kings,California,9.0
lake,California,18.4
los angeles,California,9.8
madera,California,14.9
marin,California,5.1
mendocino,California,5.6
merced,California,14.0
monterey,California,11.1
napa,California,2.9
nevada,California,5.8
orange,California,6.9
placer,California,4.6
riverside,California,7.2
sacramento,California,8.4
san benito,California,6.3
san bernardino,California,9.9
san diego,California,6.7
san francisco,California,5.6
san joaquin,California,10.9
san luis obispo,California,6.6
san mateo,California,3.9
santa barbara,California,11.7
santa clara,California,4.2
santa cruz,California,6.2
shasta,California,10.3
solano,California,7.2
sonoma,California,4.2
stanislaus,California,10.8
sutter,California,10.8
tehama,California,15.6
tulare,California,17.0
ventura,California,6.4
yolo,California,8.2
yuba,California,7.7
adams,Colorado,7.3
arapahoe,Colorado,4.9
boulder,Colorado,4.4
broomfield,Colorado,4.3
denver,Colorado,8.8
douglas,Colorado,3.7
el paso,Colorado,6.2
jefferson,Colorado,3.5
larimer,Colorado,4.0
mesa,Colorado,3.5
pueblo,Colorado,11.3
weld,Colorado,5.7
capitol,Connecticut,8.3
greater bridgeport,Connecticut,8.4
lower connecticut river valley,Connecticut,5.7
naugatuck valley,Connecticut,12.0
northeastern connecticut,Connecticut,5.3
northwest hills,Connecticut,5.7
south central connecticut,Connecticut,7.3
southeastern connecticut,Connecticut,6.5
western connecticut,Connecticut,5.1
kent,Delaware,5.6
new castle,Delaware,6.7
sussex,Delaware,6.4
district of columbia,District of Columbia,13.8
alachua,Florida,13.2
bay,Florida,6.2
brevard,Florida,7.1
broward,Florida,8.1
charlotte,Florida,4.3
citrus,Florida,10.3
clay,Florida,8.2
collier,Florida,7.2
columbia,Florida,10.5
duval,Florida,8.8
escambia,Florida,10.8
flagler,Florida,7.3
hernando,Florida,5.9
highlands,Florida,9.3
hillsborough,Florida,8.0
indian river,Florida,6.0
lake,Florida,5.6
lee,Florida,7.7
leon,Florida,14.2
manatee,Florida,6.2
marion,Florida,9.4
martin,Florida,4.6
miami-dade,Florida,10.9
monroe,Florida,4.6
nassau,Florida,7.2
okaloosa,Florida,8.2
orange,Florida,9.3
osceola,Florida,13.1
palm beach,Florida,8.5
pasco,Florida,6.8
pinellas,Florida,6.0
polk,Florida,10.0
putnam,Florida,16.4
st. johns,Florida,3.7
st. lucie,Florida,8.4
santa rosa,Florida,7.2
sarasota,Florida,5.2
seminole,Florida,6.3
sumter,Florida,7.0
volusia,Florida,6.1
walton,Florida,6.3
barrow,Georgia,4.9
bartow,Georgia,7.2
bibb,Georgia,21.8
bulloch,Georgia,16.6
carroll,Georgia,12.6
catoosa,Georgia,7.9
chatham,Georgia,8.6
cherokee,Georgia,6.0
clarke,Georgia,8.9
clayton,Georgia,16.0
cobb,Georgia,5.6
columbia,Georgia,5.2
coweta,Georgia,4.5
dekalb,Georgia,9.3
dougherty,Georgia,18.1
douglas,Georgia,8.2
effingham,Georgia,4.7
fayette,Georgia,4.5
floyd,Georgia,12.1
forsyth,Georgia,2.7
fulton,Georgia,6.8
glynn,Georgia,7.3
gwinnett,Georgia,8.2
hall,Georgia,6.9
henry,Georgia,6.3
houston,Georgia,9.7
jackson,Georgia,3.1
liberty,Georgia,16.0
lowndes,Georgia,16.2
muscogee,Georgia,13.6
newton,Georgia,7.5
paulding,Georgia,3.6
richmond,Georgia,15.1
rockdale,Georgia,6.7
spalding,Georgia,11.9
troup,Georgia,8.0
walker,Georgia,8.7
walton,Georgia,7.2
whitfield,Georgia,13.6
hawaii,Hawaii,11.3
honolulu,Hawaii,5.3
kauai,Hawaii,8.0
maui,Hawaii,6.9
ada,Idaho,5.2
bannock,Idaho,6.8
bonneville,Idaho,5.1
canyon,Idaho,6.4
kootenai,Idaho,5.9
twin falls,Idaho,5.9
champaign,Illinois,5.4
cook,Illinois,9.9
dekalb,Illinois,7.5
dupage,Illinois,4.2
kane,Illinois,4.6
kankakee,Illinois,10.5
kendall,Illinois,2.5
lake,Illinois,5.9
lasalle,Illinois,11.1
mchenry,Illinois,4.9
mclean,Illinois,6.8
macon,Illinois,11.0
madison,Illinois,6.5
peoria,Illinois,11.6
rock island,Illinois,8.6
st. clair,Illinois,8.6
sangamon,Illinois,5.8
tazewell,Illinois,5.0
vermilion,Illinois,14.6
will,Illinois,6.0
williamson,Illinois,7.8
winnebago,Illinois,11.8
allen,Indiana,8.4
bartholomew,Indiana,4.0
boone,Indiana,4.1
clark,Indiana,7.7
delaware,Indiana,13.6
elkhart,Indiana,7.4
floyd,Indiana,7.9
grant,Indiana,13.2
hamilton,Indiana,3.6
hancock,Indiana,3.1
hendricks,Indiana,4.0
howard,Indiana,9.1
johnson,Indiana,4.1
kosciusko,Indiana,7.0
lake,Indiana,9.3
laporte,Indiana,10.0
madison,Indiana,9.4
marion,Indiana,12.3
monroe,Indiana,5.2
morgan,Indiana,9.4
porter,Indiana,5.5
st. joseph,Indiana,10.3
tippecanoe,Indiana,9.3
vanderburgh,Indiana,6.5
vigo,Indiana,13.5
warrick,Indiana,3.9
wayne,Indiana,16.8
black hawk,Iowa,9.1
dallas,Iowa,3.6
dubuque,Iowa,8.2
johnson,Iowa,9.5
linn,Iowa,6.2
polk,Iowa,7.0
pottawattamie,Iowa,13.0
scott,Iowa,6.4
story,Iowa,6.4
woodbury,Iowa,9.8
butler,Kansas,4.6
douglas,Kansas,4.8
johnson,Kansas,4.1
leavenworth,Kansas,8.6
riley,Kansas,6.6
sedgwick,Kansas,9.3
shawnee,Kansas,8.4
wyandotte,Kansas,9.3
boone,Kentucky,5.2
bullitt,Kentucky,6.4
campbell,Kentucky,7.1
christian,Kentucky,11.0
daviess,Kentucky,10.4
fayette,Kentucky,7.6
hardin,Kentucky,12.4
jefferson,Kentucky,10.1
kenton,Kentucky,6.1
mccracken,Kentucky,6.7
madison,Kentucky,13.6
oldham,Kentucky,8.4
pulaski,Kentucky,15.9
warren,Kentucky,12.2
ascension,Louisiana,6.2
bossier,Louisiana,14.4
caddo,Louisiana,16.6
calcasieu,Louisiana,10.7
east baton rouge,Louisiana,16.1
iberia,Louisiana,18.5
jefferson,Louisiana,12.4
lafayette,Louisiana,12.8
lafourche,Louisiana,10.9
livingston,Louisiana,9.4
orleans,Louisiana,14.7
ouachita,Louisiana,13.8
rapides,Louisiana,12.2
st. landry,Louisiana,17.7
st. tammany,Louisiana,6.7
tangipahoa,Louisiana,17.4
terrebonne,Louisiana,13.6
androscoggin,Maine,6.6
aroostook,Maine,9.1
cumberland,Maine,5.4
kennebec,Maine,5.9
penobscot,Maine,9.6
york,Maine,3.7
allegany,Maryland,11.7
anne arundel,Maryland,4.3
baltimore,Maryland,5.8
calvert,Maryland,2.1
carroll,Maryland,6.2
cecil,Maryland,6.2
charles,Maryland,4.2
frederick,Maryland,3.0
harford,Maryland,6.2
howard,Maryland,3.6
montgomery,Maryland,4.7
prince george's,Maryland,6.6
st. mary's,Maryland,7.7
washington,Maryland,8.6
wicomico,Maryland,13.2
baltimore,Maryland,12.9
barnstable,Massachusetts,4.5
berkshire,Massachusetts,6.1
bristol,Massachusetts,6.5
essex,Massachusetts,6.4
franklin,Massachusetts,5.1
hampden,Massachusetts,12.7
hampshire,Massachusetts,9.5
middlesex,Massachusetts,5.0
norfolk,Massachusetts,4.1
plymouth,Massachusetts,4.2
suffolk,Massachusetts,10.4
worcester,Massachusetts,5.7
allegan,Michigan,4.6
bay,Michigan,8.2
berrien,Michigan,8.7
calhoun,Michigan,10.5
clinton,Michigan,5.5
eaton,Michigan,3.4
genesee,Michigan,14.6
grand traverse,Michigan,4.5
ingham,Michigan,9.6
ionia,Michigan,5.7
isabella,Michigan,11.8
jackson,Michigan,7.2
kalamazoo,Michigan,6.6
kent,Michigan,5.1
lapeer,Michigan,5.8
lenawee,Michigan,6.4
livingston,Michigan,3.7
macomb,Michigan,8.0
marquette,Michigan,5.4
midland,Michigan,6.8
monroe,Michigan,7.4
montcalm,Michigan,11.4
muskegon,Michigan,14.5
oakland,Michigan,5.0
ottawa,Michigan,5.5
saginaw,Michigan,13.5
st. clair,Michigan,6.9
shiawassee,Michigan,9.3
van buren,Michigan,9.3
washtenaw,Michigan,6.0
wayne,Michigan,16.9
anoka,Minnesota,5.0
blue earth,Minnesota,4.8
carver,Minnesota,2.5
clay,Minnesota,5.6
crow wing,Minnesota,7.5
dakota,Minnesota,5.0
hennepin,Minnesota,4.7
olmsted,Minnesota,4.0
ramsey,Minnesota,8.8
rice,Minnesota,8.4
st. louis,Minnesota,6.7
scott,Minnesota,3.6
sherburne,Minnesota,2.6
stearns,Minnesota,9.2
washington,Minnesota,2.7
wright,Minnesota,6.2
desoto,Mississippi,9.1
forrest,Mississippi,15.0
harrison,Mississippi,12.0
hinds,Mississippi,14.6
jackson,Mississippi,11.8
jones,Mississippi,15.7
lamar,Mississippi,7.2
lauderdale,Mississippi,15.0
lee,Mississippi,13.0
madison,Mississippi,5.4
rankin,Mississippi,5.0
boone,Missouri,6.4
buchanan,Missouri,6.8
cape girardeau,Missouri,6.5
cass,Missouri,4.6
christian,Missouri,6.4
clay,Missouri,7.2
cole,Missouri,6.2
franklin,Missouri,6.5
greene,Missouri,5.8
jackson,Missouri,10.1
jasper,Missouri,9.0
jefferson,Missouri,7.8
lincoln,Missouri,4.8
platte,Missouri,3.8
st. charles,Missouri,5.4
st. francois,Missouri,9.4
st. louis,Missouri,6.5
st. louis,Missouri,15.9
cascade,Montana,6.1
flathead,Montana,5.7
gallatin,Montana,3.7
lewis and clark,Montana,1.7
missoula,Montana,4.8
yellowstone,Montana,5.3
douglas,Nebraska,8.7
lancaster,Nebraska,7.3
sarpy,Nebraska,3.9
clark,Nevada,8.6
washoe,Nevada,6.0
belknap,New Hampshire,6.7
cheshire,New Hampshire,1.1
grafton,New Hampshire,8.0
hillsborough,New Hampshire,4.3
merrimack,New Hampshire,3.5
rockingham,New Hampshire,2.7
strafford,New Hampshire,4.9
atlantic,New Jersey,7.8
bergen,New Jersey,5.4
burlington,New Jersey,2.6
camden,New Jersey,8.5
cape may,New Jersey,7.6
cumberland,New Jersey,12.4
essex,New Jersey,9.4
gloucester,New Jersey,4.4
hudson,New Jersey,11.2
hunterdon,New Jersey,1.0
mercer,New Jersey,6.0
middlesex,New Jersey,6.0
monmouth,New Jersey,5.0
morris,New Jersey,2.9
ocean,New Jersey,5.7
passaic,New Jersey,9.7
salem,New Jersey,10.1
somerset,New Jersey,4.0
sussex,New Jersey,2.7
union,New Jersey,6.9
warren,New Jersey,4.9
bernalillo,New Mexico,10.9
doña ana,New Mexico,15.8
lea,New Mexico,13.6
mckinley,New Mexico,23.4
otero,New Mexico,15.8
sandoval,New Mexico,7.4
san juan,New Mexico,15.8
santa fe,New Mexico,6.5
valencia,New Mexico,10.0
albany,New York,9.1
bronx,New York,23.2
broome,New York,11.3
cattaraugus,New York,13.4
cayuga,New York,9.4
chautauqua,New York,15.5
chemung,New York,8.3
clinton,New York,10.6
dutchess,New York,4.2
erie,New York,8.0
jefferson,New York,11.0
kings,New York,15.1
madison,New York,5.8
monroe,New York,9.6
nassau,New York,3.8
new york,New York,10.5
niagara,New York,9.5
oneida,New York,11.3
onondaga,New York,7.6
ontario,New York,4.1
orange,New York,7.9
oswego,New York,11.5
putnam,New York,2.9
queens,New York,10.4
rensselaer,New York,5.5
richmond,New York,9.0
rockland,New York,10.8
st. lawrence,New York,11.8
saratoga,New York,3.9
schenectady,New York,7.8
steuben,New York,10.1
suffolk,New York,4.0
sullivan,New York,13.8
tompkins,New York,7.1
ulster,New York,4.4
warren,New York,9.8
wayne,New York,7.6
westchester,New York,6.0
alamance,North Carolina,8.8
brunswick,North Carolina,5.4
buncombe,North Carolina,7.5
burke,North Carolina,10.9
cabarrus,North Carolina,7.8
caldwell,North Carolina,10.9
carteret,North Carolina,4.8
catawba,North Carolina,12.7
chatham,North Carolina,7.3
cleveland,North Carolina,12.1
craven,North Carolina,7.0
cumberland,North Carolina,12.7
davidson,North Carolina,8.7
durham,North Carolina,5.4
forsyth,North Carolina,9.7
franklin,North Carolina,11.7
gaston,North Carolina,8.7
guilford,North Carolina,8.9
harnett,North Carolina,11.1
henderson,North Carolina,6.6
iredell,North Carolina,7.9
johnston,North Carolina,6.1
lee,North Carolina,9.9
lincoln,North Carolina,7.1
mecklenburg,North Carolina,7.2
moore,North Carolina,8.8
nash,North Carolina,6.1
new hanover,North Carolina,7.2
onslow,North Carolina,7.1
orange,North Carolina,4.9
pender,North Carolina,6.4
pitt,North Carolina,11.8
randolph,North Carolina,9.3
robeson,North Carolina,17.9
rockingham,North Carolina,15.0
rowan,North Carolina,10.1
rutherford,North Carolina,11.5
stanly,North Carolina,8.3
surry,North Carolina,15.3
union,North Carolina,4.7
wake,North Carolina,5.4
wayne,North Carolina,15.4
wilkes,North Carolina,10.1
wilson,North Carolina,15.1
burleigh,North Dakota,3.4
cass,North Dakota,8.3
grand forks,North Dakota,5.8
ward,North Dakota,7.6
allen,Ohio,10.6
ashtabula,Ohio,13.2
belmont,Ohio,10.5
butler,Ohio,10.0
clark,Ohio,9.4
clermont,Ohio,6.2
columbiana,Ohio,12.0
cuyahoga,Ohio,10.5
delaware,Ohio,2.6
erie,Ohio,10.4
fairfield,Ohio,6.8
franklin,Ohio,9.4
geauga,Ohio,3.2
greene,Ohio,4.9
hamilton,Ohio,9.4
hancock,Ohio,4.1
lake,Ohio,3.7
licking,Ohio,7.3
lorain,Ohio,7.9
lucas,Ohio,12.8
mahoning,Ohio,11.8
marion,Ohio,13.2
medina,Ohio,4.6
miami,Ohio,7.2
montgomery,Ohio,9.1
muskingum,Ohio,7.5
portage,Ohio,4.7
richland,Ohio,8.3
ross,Ohio,9.1
scioto,Ohio,12.1
stark,Ohio,8.5
summit,Ohio,8.7
trumbull,Ohio,8.7
tuscarawas,Ohio,7.6
union,Ohio,3.4
warren,Ohio,5.3
wayne,Ohio,9.6
wood,Ohio,6.6
canadian,Oklahoma,4.7
cleveland,Oklahoma,7.9
comanche,Oklahoma,13.3
creek,Oklahoma,11.3
muskogee,Oklahoma,14.5
oklahoma,Oklahoma,11.7
payne,Oklahoma,9.7
pottawatomie,Oklahoma,12.8
rogers,Oklahoma,4.9
tulsa,Oklahoma,9.9
wagoner,Oklahoma,6.6
benton,Oregon,7.8
clackamas,Oregon,6.0
deschutes,Oregon,4.4
douglas,Oregon,10.0
jackson,Oregon,8.5
josephine,Oregon,9.2
klamath,Oregon,11.2
lane,Oregon,8.1
linn,Oregon,10.9
marion,Oregon,7.8
multnomah,Oregon,6.5
polk,Oregon,7.0
umatilla,Oregon,9.5
washington,Oregon,4.4
yamhill,Oregon,6.3
adams,Pennsylvania,3.5
allegheny,Pennsylvania,6.9
armstrong,Pennsylvania,10.3
beaver,Pennsylvania,8.1
berks,Pennsylvania,9.1
blair,Pennsylvania,7.8
bucks,Pennsylvania,3.7
butler,Pennsylvania,3.9
cambria,Pennsylvania,9.9
carbon,Pennsylvania,6.5
centre,Pennsylvania,5.7
chester,Pennsylvania,3.8
clearfield,Pennsylvania,10.9
columbia,Pennsylvania,8.9
crawford,Pennsylvania,11.0
cumberland,Pennsylvania,5.1
dauphin,Pennsylvania,8.7
delaware,Pennsylvania,7.8
erie,Pennsylvania,9.3
fayette,Pennsylvania,8.4
franklin,Pennsylvania,5.6
indiana,Pennsylvania,10.5
lackawanna,Pennsylvania,11.1
lancaster,Pennsylvania,5.1
lawrence,Pennsylvania,12.1
lebanon,Pennsylvania,7.2
lehigh,Pennsylvania,8.4
luzerne,Pennsylvania,10.2
lycoming,Pennsylvania,10.6
mercer,Pennsylvania,8.3
monroe,Pennsylvania,7.9
montgomery,Pennsylvania,3.8
northampton,Pennsylvania,6.1
northumberland,Pennsylvania,11.2
philadelphia,Pennsylvania,15.0
schuylkill,Pennsylvania,8.6
somerset,Pennsylvania,8.3
washington,Pennsylvania,6.7
westmoreland,Pennsylvania,7.4
york,Pennsylvania,7.5
kent,Rhode Island,5.1
newport,Rhode Island,5.1
providence,Rhode Island,10.9
washington,Rhode Island,2.7
aiken,South Carolina,9.6
anderson,South Carolina,11.4
beaufort,South Carolina,3.5
berkeley,South Carolina,4.9
charleston,South Carolina,5.0
dorchester,South Carolina,6.5
florence,South Carolina,13.6
georgetown,South Carolina,17.8
greenville,South Carolina,7.0
greenwood,South Carolina,10.8
horry,South Carolina,10.3
kershaw,South Carolina,6.4
lancaster,South Carolina,8.2
laurens,South Carolina,14.0
lexington,South Carolina,9.6
oconee,South Carolina,14.7
orangeburg,South Carolina,13.9
pickens,South Carolina,7.7
richland,South Carolina,10.6
spartanburg,South Carolina,7.8
sumter,South Carolina,12.8
york,South Carolina,7.5
lincoln,South Dakota,1.5
minnehaha,South Dakota,4.1
pennington,South Dakota,5.5
anderson,Tennessee,8.2
blount,Tennessee,5.4
bradley,Tennessee,8.7
cumberland,Tennessee,9.0
davidson,Tennessee,7.1
greene,Tennessee,14.3
hamblen,Tennessee,11.2
hamilton,Tennessee,10.1
knox,Tennessee,7.4
madison,Tennessee,15.4
maury,Tennessee,3.3
montgomery,Tennessee,7.9
putnam,Tennessee,12.5
robertson,Tennessee,8.3
rutherford,Tennessee,6.7
sevier,Tennessee,12.1
shelby,Tennessee,14.1
sullivan,Tennessee,12.0
sumner,Tennessee,5.8
washington,Tennessee,7.7
williamson,Tennessee,3.1
wilson,Tennessee,6.8
angelina,Texas,6.7
bastrop,Texas,5.3
bell,Texas,10.5
bexar,Texas,11.0
bowie,Texas,10.8
brazoria,Texas,5.5
brazos,Texas,9.4
cameron,Texas,20.9
collin,Texas,4.9
comal,Texas,4.8
coryell,Texas,13.6
dallas,Texas,9.2
denton,Texas,3.9
ector,Texas,14.4
ellis,Texas,5.0
el paso,Texas,15.7
fort bend,Texas,6.8
galveston,Texas,10.3
grayson,Texas,8.9
gregg,Texas,11.7
guadalupe,Texas,5.5
harris,Texas,13.5
harrison,Texas,10.5
hays,Texas,5.4
henderson,Texas,11.1
hidalgo,Texas,20.3
hood,Texas,3.9
hunt,Texas,9.7
jefferson,Texas,16.5
johnson,Texas,3.7
kaufman,Texas,5.9
liberty,Texas,22.4
lubbock,Texas,9.6
mclennan,Texas,9.9
midland,Texas,9.1
montgomery,Texas,7.6
nacogdoches,Texas,19.2
nueces,Texas,12.2
orange,Texas,8.5
parker,Texas,6.3
potter,Texas,18.2
randall,Texas,10.6
rockwall,Texas,4.7
san patricio,Texas,10.1
smith,Texas,8.0
starr,Texas,42.2
tarrant,Texas,8.6
taylor,Texas,10.1
tom green,Texas,4.9
travis,Texas,6.7
van zandt,Texas,9.7
victoria,Texas,9.6
walker,Texas,12.3
waller,Texas,12.9
webb,Texas,17.1
wichita,Texas,9.6
williamson,Texas,3.9
wise,Texas,2.7
cache,Utah,3.9
davis,Utah,5.5
iron,Utah,12.9
salt lake,Utah,4.6
tooele,Utah,3.4
utah,Utah,5.5
washington,Utah,7.4
weber,Utah,6.0
chittenden,Vermont,4.7
albemarle,Virginia,6.7
arlington,Virginia,4.2
augusta,Virginia,3.6
bedford,Virginia,5.6
chesterfield,Virginia,4.7
fairfax,Virginia,3.9
fauquier,Virginia,6.1
frederick,Virginia,2.7
hanover,Virginia,5.4
henrico,Virginia,7.6
james city,Virginia,4.8
loudoun,Virginia,3.2
montgomery,Virginia,6.1
prince william,Virginia,4.9
roanoke,Virginia,4.7
rockingham,Virginia,4.1
spotsylvania,Virginia,4.9
stafford,Virginia,3.9
york,Virginia,3.3
alexandria,Virginia,5.1
chesapeake,Virginia,9.6
hampton,Virginia,12.0
lynchburg,Virginia,7.4
newport news,Virginia,6.8
norfolk,Virginia,10.1
portsmouth,Virginia,9.5
richmond,Virginia,12.7
roanoke,Virginia,10.8
suffolk,Virginia,3.4
virginia beach,Virginia,5.5
benton,Washington,8.7
chelan,Washington,4.2
clallam,Washington,5.8
clark,Washington,4.8
cowlitz,Washington,5.9
franklin,Washington,12.6
grant,Washington,13.7
grays harbor,Washington,9.6
island,Washington,6.1
king,Washington,4.9
kitsap,Washington,5.3
lewis,Washington,6.6
mason,Washington,7.8
pierce,Washington,6.1
skagit,Washington,4.9
snohomish,Washington,6.1
spokane,Washington,5.9
thurston,Washington,6.2
whatcom,Washington,5.2
yakima,Washington,14.2
berkeley,West Virginia,9.0
cabell,West Virginia,13.9
harrison,West Virginia,8.6
kanawha,West Virginia,10.3
monongalia,West Virginia,7.7
raleigh,West Virginia,14.6
wood,West Virginia,11.6
brown,Wisconsin,5.6
chippewa,Wisconsin,8.1
dane,Wisconsin,3.7
dodge,Wisconsin,6.3
eau claire,Wisconsin,6.5
fond du lac,Wisconsin,5.9
jefferson,Wisconsin,3.4
kenosha,Wisconsin,6.8
la crosse,Wisconsin,4.7
manitowoc,Wisconsin,6.9
marathon,Wisconsin,2.2
milwaukee,Wisconsin,11.9
outagamie,Wisconsin,3.8
ozaukee,Wisconsin,4.3
portage,Wisconsin,5.4
racine,Wisconsin,9.4
rock,Wisconsin,5.0
st. croix,Wisconsin,5.0
sauk,Wisconsin,4.6
sheboygan,Wisconsin,6.0
walworth,Wisconsin,3.1
washington,Wisconsin,4.1
waukesha,Wisconsin,3.6
winnebago,Wisconsin,6.0
wood,Wisconsin,7.0
laramie,Wyoming,5.6
natrona,Wyoming,8.2
arecibo,Puerto Rico,36.2
bayamón,Puerto Rico,28.4
caguas,Puerto Rico,29.8
carolina,Puerto Rico,24.0
guaynabo,Puerto Rico,16.1
mayagüez,Puerto Rico,46.2
ponce,Puerto Rico,40.6
san juan,Puerto Rico,31.3
toa alta,Puerto Rico,23.0
toa baja,Puerto Rico,28.1
trujillo alto,Puerto Rico,23.4
